date,actual_return,model_var,model_es,bench_var,bench_es
2018-12-24,0.0005192955507844202,-0.05651196948802352,-0.06423109559265609,-0.025510765415438976,-0.028538849804602195
2018-12-26,0.00986974368911628,-0.048702714187311084,-0.06181557264276164,-0.026299054284448255,-0.029422819385726467
2018-12-27,-0.01297213216098558,-0.0548985920058173,-0.06517971659732417,-0.02305593155051494,-0.02714048440118021
2018-12-28,0.01396284290003974,-0.050372658879229766,-0.06494407112175248,-0.02423948878702727,-0.027462117614198745
2018-12-31,-0.003939078411846141,-0.0492363628185991,-0.06116583669953107,-0.025100993060622207,-0.028726955987807466
2019-01-02,0.01510492904414774,-0.051874919988017014,-0.06182101195675428,-0.02507930985645894,-0.029365507172698296
2019-01-03,-0.00490620375576002,-0.0451880249866929,-0.05817613896300576,-0.024719853793251,-0.028045750303280503
2019-01-04,0.009004846944026,-0.052086834244178246,-0.06428101383613699,-0.023913450862225696,-0.028418981671699418
2019-01-07,0.012356571156043782,-0.049853470492920764,-0.05966123302280672,-0.024886037793510778,-0.02932979639696435
2019-01-08,0.00514641093257946,-0.04604440204430706,-0.05507110160568005,-0.026411001795474787,-0.029236634377447925
2019-01-09,0.0127592338300275,-0.053572340960758004,-0.06542675531855556,-0.02457850203206804,-0.029347902430722446
2019-01-10,-0.01816165716031162,-0.05151297918152327,-0.06281020468055032,-0.024131240802088293,-0.027233761660934264
2019-01-11,-0.0021597106151015994,-0.052658097697069854,-0.06192526642666265,-0.024242126416464234,-0.02829580584944712
2019-01-14,-0.0037433804574655803,-0.05483461815728621,-0.06545727524566866,-0.02502842332551228,-0.029421365684588148
2019-01-15,0.0033501988601666996,-0.05138190926750846,-0.06286675500895492,-0.024088841091019483,-0.02737187638624013
2019-01-16,0.0034307393235468403,-0.04888257434423491,-0.06280807423654128,-0.02589008812149938,-0.029506697677086403
2019-01-17,0.0016255011299354802,-0.04986611473157145,-0.06699539223989828,-0.023684242498918203,-0.028881035427335305
2019-01-18,0.00409777542722068,-0.05033590039955301,-0.061325088016300766,-0.023022949430962114,-0.026411090788175197
2019-01-22,-0.0076383060662225805,-0.050192488440935774,-0.06024391302709613,-0.02437474333269358,-0.028584509355234034
2019-01-23,-0.00230373028179394,-0.05533625190773598,-0.06753159971794771,-0.024233168278884352,-0.028559790531026634
2019-01-24,0.0034644209971486997,-0.04908861049632149,-0.05964914182698228,-0.02616413804507544,-0.02996403561515673
2019-01-25,0.005491865612784421,-0.026178952209691127,-0.030961210938215557,-0.024155404514634514,-0.028307719890068354
2019-01-28,-0.0134918137061849,-0.02465420822252234,-0.02929031104565724,-0.023255407750448067,-0.026439013112926835
2019-01-29,0.003935474424476079,-0.027023217768342808,-0.03279753968437592,-0.02378781853750412,-0.027960665557934583
2019-01-30,0.011195021343029202,-0.02648779494911225,-0.03112537913601753,-0.024527146252442473,-0.027457281288838085
2019-01-31,0.0002478868181556,-0.02577442540942054,-0.03028143511621397,-0.02413876441250351,-0.027462719328422543
2019-02-01,0.00523265143066106,-0.02706929467525595,-0.031068659661123803,-0.024923892781864278,-0.02742739515206395
2019-02-04,-0.00381544637578346,-0.025405519277577164,-0.030006080812605408,-0.02348322898260448,-0.026976077321356744
2019-02-05,-0.0015713618114929803,-0.02607858281565575,-0.031222276760041308,-0.025270054861532287,-0.02879805073078292
2019-02-06,-0.00399324782025316,-0.024927623871831412,-0.029866263184323692,-0.022135565675231793,-0.026263707194261122
2019-02-07,-0.006084045877025821,-0.025818720279678017,-0.03068901446325458,-0.02453222853545054,-0.02834745244297055
2019-02-08,0.016589526425028138,-0.025774740409631933,-0.03001537890474666,-0.023576896085702362,-0.0269552231703294
2019-02-11,-0.00345072360901452,-0.02743410834426249,-0.03086380459117341,-0.0220843043873817,-0.02467732376105507
2019-02-12,0.005693185546568561,-0.02657368109717805,-0.03320522656256911,-0.02309137851284926,-0.02668385492854177
2019-02-13,0.0013782845226229996,-0.025693350553683828,-0.03072142614790181,-0.023010235929982244,-0.026270434533168102
2019-02-14,0.0032268683976205397,-0.027816334886379544,-0.031502255468619136,-0.02366981619747913,-0.028194040525579795
2019-02-15,0.00735027845519078,-0.026844429814117846,-0.0318144035346208,-0.023539957585987984,-0.02671865501187089
2019-02-19,0.02216041213037394,-0.026711234611015214,-0.030805825895743953,-0.023376850123839756,-0.027534677340255404
2019-02-20,0.0052015594711651006,-0.025570860252099366,-0.0295875455050304,-0.024182533895130347,-0.027182721854741392
2019-02-21,-0.0067186251654631005,-0.024826342614840742,-0.029645235418026095,-0.023713052216242043,-0.027286402740092967
2019-02-22,0.00630669394794168,-0.026965747963639077,-0.031127606045131116,-0.023071491447768926,-0.02662216463912012
2019-02-25,-0.012933500811364719,-0.025696095691481197,-0.030773873746244712,-0.023980201347745197,-0.02716714358876665
2019-02-26,0.00035367505463516,-0.03253848497038126,-0.040055398689834584,-0.02293819064352548,-0.026805250949581173
2019-02-27,0.0020340408117726,-0.032634540907501564,-0.038592732873844175,-0.023558568710006327,-0.02694937563926625
2019-02-28,-0.0008161695318941001,-0.03205151648588369,-0.04068778474926381,-0.02393404517760305,-0.028182712763361505
2019-03-01,-0.0075099801487108,-0.03300109197768207,-0.03786090177533773,-0.023737061384194947,-0.0288758067167089
2019-03-04,-0.0033957735781610203,-0.030629052340467647,-0.03612511710592179,-0.02608205508148978,-0.028477334217559252
2019-03-05,0.0074878112174779805,-0.03050527678167449,-0.03756017442546777,-0.024170757715528325,-0.027038258430717166
2019-03-06,-0.0016386113887260005,-0.033922155801163555,-0.03855040612757639,-0.022806185430959226,-0.027251570532004738
2019-03-07,0.00023039932223142,-0.03300032403331086,-0.04139790144355675,-0.024101181549996745,-0.027789395296068393
2019-03-08,0.00017405532924422,-0.030805879237014066,-0.03626683655215042,-0.025225123753767884,-0.029548772808382757
2019-03-11,0.0041615585494030605,-0.03349004182678766,-0.03823063512895872,-0.023258086241411055,-0.026730841096333315
2019-03-12,0.00321963958645476,-0.035212379540037315,-0.04315527116472258,-0.023125636230708412,-0.026509492581800444
2019-03-13,0.00749572752100674,-0.031153163810424066,-0.036759884691684154,-0.02358504158923039,-0.028134327531269154
2019-03-14,-0.00134379933966934,-0.03175169294239246,-0.03706917815466099,-0.02339801521380362,-0.026931441818080125
2019-03-15,0.00405366180421402,-0.03278316867357557,-0.0420027811632987,-0.02379995402607283,-0.029419269115564296
2019-03-18,0.00594916609898592,-0.031547427685060324,-0.038459124059899326,-0.024004450454367204,-0.027146004682783366
2019-03-19,0.0018895186442079597,-0.030434045367456173,-0.04005428041776622,-0.024818726971390943,-0.028787277340077362
2019-03-20,0.00642657377266158,-0.030838191141887725,-0.03761503905222894,-0.024237693907016786,-0.027546596049094884
2019-03-21,-0.0024831022686576006,-0.03219492644243091,-0.03789550815219231,-0.0224716309565059,-0.025757635222830682
2019-03-22,-0.005617302123930481,-0.032742567185241246,-0.039288618334772485,-0.022545629374295172,-0.02575689139732897
2019-03-25,-0.0008395628390724198,-0.032994050935023,-0.04133934143884057,-0.025124954131289446,-0.028751662595937776
2019-03-26,0.00498889606282572,-0.035206535552911464,-0.04138579266014997,-0.024756975062146826,-0.027315214849828746
2019-03-27,0.0014421901005574798,-0.02133964811867823,-0.025258668207607575,-0.025223769802597905,-0.027964598665936258
2019-03-28,-0.00279429662762753,-0.020854778203157724,-0.02376163571980235,-0.02239282085091677,-0.026499813486911737
2019-03-29,0.00496696167098282,-0.021609595715483373,-0.025856452623373605,-0.023692109470317604,-0.026760315422651608
2019-04-01,0.00814261674962864,-0.022445483971160828,-0.02635629230588603,-0.024155141972632174,-0.028158132718525224
2019-04-02,0.03612817370961067,-0.022111948020170663,-0.02702956995719232,-0.02272190562319454,-0.025772922443364564
2019-04-03,0.00286872111037322,-0.020118948232598428,-0.023434975534120817,-0.02272848035689761,-0.0273357499872648
2019-04-04,-0.00186409000681726,-0.021593706601153503,-0.026125694051589876,-0.02394143048181454,-0.026650426749304325
2019-04-05,0.00895034716929164,-0.021677624650949807,-0.027259556595126383,-0.023310095264395408,-0.027152642497961205
2019-04-08,0.014269822612728722,-0.020824642104915383,-0.02431335367392849,-0.025574224328819426,-0.028838194511404885
2019-04-09,-0.0039060456256495004,-0.024230632293277182,-0.02827660291083307,-0.023076517808998595,-0.02645550956005202
2019-04-10,0.007509520415036381,-0.022833696142941742,-0.02640033453665703,-0.02475746162187889,-0.026872426312911056
2019-04-11,-0.015197513619492242,-0.022084226377532778,-0.02726771345687786,-0.024278808901528042,-0.027279672066415815
2019-04-12,0.0016614359343133202,-0.02024625734920076,-0.02436875760193986,-0.023696879686451545,-0.026340087755982407
2019-04-15,-0.0020307572180759603,-0.02438378129423755,-0.030448356380705244,-0.023016486847409243,-0.02631137481110752
2019-04-16,0.0061407865900029,-0.020997359784219082,-0.024928314649229722,-0.02239699837849317,-0.026146114158355733
2019-04-17,-0.0015601750414224798,-0.022480831887934344,-0.026073575089533847,-0.02407944466660381,-0.026762500528150174
2019-04-18,0.0033808150377025,-0.023286116690681667,-0.02574551520621607,-0.025460446891765128,-0.028288412316992306
2019-04-22,0.008850474785952342,-0.021529236775963752,-0.02490906453943443,-0.022488362474484554,-0.025086829861830067
2019-04-23,0.00979112592845488,-0.02178341007963771,-0.027534180535108477,-0.023922159813658438,-0.02860715424698528
2019-04-24,-0.00460234232918876,-0.0208005725841752,-0.025538481283802112,-0.022789730600913684,-0.026472393797387733
2019-04-25,-0.01194056214492592,-0.02153731484132351,-0.024632628063259537,-0.023959583091842453,-0.028050842341279008
2019-04-26,-0.00120601441491086,-0.030372745954408163,-0.037470264695873244,-0.023395616874920186,-0.026411391364177916
2019-04-29,-8.252717639628017e-05,-0.032065001282988934,-0.03896632018348031,-0.023731318811034345,-0.025559270297884525
2019-04-30,0.0059173117626327406,-0.03289253916078345,-0.041359652747253076,-0.023483075125213602,-0.026235013582645357
2019-05-01,-0.0020473974438414396,-0.029842528523288656,-0.037155028735402516,-0.022246656251322387,-0.02539900982689915
2019-05-02,-0.00414953962225682,-0.03124254545142121,-0.03806606990217693,-0.025055777438661053,-0.02800396055319183
2019-05-03,0.013506149932248001,-0.030545313942587863,-0.03805107268049838,-0.023431909922588482,-0.025686540643739715
2019-05-06,0.00228948094745626,-0.02900375663145183,-0.03650670451570465,-0.023685404536879482,-0.02733803577269054
2019-05-07,-0.00444153121123446,-0.029331674836719248,-0.037637879127365104,-0.023755361115973154,-0.027510600116596652
2019-05-08,0.00652705193058824,-0.02875733104485297,-0.03566693105787451,-0.02478583105190249,-0.028163392567727714
2019-05-09,0.00547611071119002,-0.03146412806923295,-0.03789440034569984,-0.02191309313668676,-0.02621451693709182
2019-05-10,0.00822844457401024,-0.029384035270418527,-0.03662637488968152,-0.024201947703058797,-0.028150968718224655
2019-05-13,0.03603935733624196,-0.03038970746663816,-0.03706500998153741,-0.02218291540601737,-0.025977562331813343
2019-05-14,0.00878675205774802,-0.03150642431627328,-0.03917329529279354,-0.023176622124974594,-0.02549956890661833
2019-05-15,0.008443239469411919,-0.03458576556153357,-0.04089485386053619,-0.02300200943899714,-0.02694378936532037
2019-05-16,-0.005351201115803341,-0.034723584589099375,-0.04058161810100812,-0.02187206329856933,-0.024457750588219036
2019-05-17,-0.01775556604483362,-0.03394073780444994,-0.04005296952199891,-0.022875369826590986,-0.02652173066564148
2019-05-20,0.015957808883111945,-0.029969017814953397,-0.03794207604211955,-0.025427090912987747,-0.02907331851012155
2019-05-21,0.00042464326825866034,-0.0346123363781899,-0.04120318371114098,-0.022527586549866814,-0.026150371537615937
2019-05-22,-0.0134885783207621,-0.03402681167715239,-0.042423129174375906,-0.022915825930456785,-0.026097342556669494
2019-05-23,-0.004990557033202041,-0.03147079284997552,-0.03785250095496433,-0.024631796136485983,-0.029079045357138185
2019-05-24,0.0055742146091455405,-0.02959437385480395,-0.03702750071899835,-0.022931207744047402,-0.02768179486889667
2019-05-28,0.015779028793770862,-0.04371356214896984,-0.05251049881109202,-0.02380808018904963,-0.027134051942440555
2019-05-29,-0.00258313469950248,-0.04565902472712598,-0.05505559907295554,-0.023916835724779418,-0.028084508072526965
2019-05-30,-0.013392295472081081,-0.0412326851618788,-0.05463546818744215,-0.024006147300382287,-0.026880446771270678
2019-05-31,-0.004222429320474699,-0.04253348651239535,-0.05666361975956173,-0.023481462123266187,-0.026389938769412487
2019-06-03,-0.00738761933692606,-0.042640436101070746,-0.04934609419751117,-0.02250696745702089,-0.026485345045037172
2019-06-04,-0.005905325800042219,-0.04108327419882013,-0.055810453560117046,-0.023646145111985196,-0.026384374560757033
2019-06-05,-0.001879268543790221,-0.046823581222407665,-0.05475738664184847,-0.023900478170566918,-0.02632340597789018
2019-06-06,0.00716978470798486,-0.049808472787503,-0.06067166772580964,-0.023982337403633418,-0.02739849935435078
2019-06-07,0.01255123128550686,-0.0487851802619114,-0.0581235670678231,-0.024168898779278785,-0.027094655567904958
2019-06-10,-0.005312302837157621,-0.04351785261359901,-0.05146108120722448,-0.024953076847345285,-0.029521628271440385
2019-06-11,-0.00211144715686948,-0.042608375836498034,-0.05316450966223161,-0.024155987195488362,-0.0285068050839818
2019-06-12,-0.0020191057932393997,-0.04327570030783145,-0.05428094932358851,-0.024611404888539808,-0.02776699313951449
2019-06-13,0.009077480803246961,-0.0416437569521375,-0.04842368751334677,-0.02325753638123271,-0.02622939930830275
2019-06-14,0.01190516982585312,-0.043235571701562954,-0.05349700057911361,-0.02263821027088684,-0.025403134637504092
2019-06-17,0.011439515732469882,-0.04192170687401617,-0.054353954981683564,-0.022871978378720948,-0.02613035400028152
2019-06-18,0.006269517024549519,-0.047058045200852,-0.060142151843141714,-0.022750231078241267,-0.026913798051286308
2019-06-19,0.007801982434525441,-0.041486308426244886,-0.05518012553486269,-0.022463323363012145,-0.02562597136285038
2019-06-20,0.0215741492934286,-0.04079227671851452,-0.05278001555464481,-0.024825439638801558,-0.02823826792308192
2019-06-21,0.0147851315375194,-0.040953349179224816,-0.05210769976476239,-0.023166771110717868,-0.0278196532912001
2019-06-24,0.0204563593841246,-0.043584426614649625,-0.053711964488205755,-0.023913746251837734,-0.02819574321133021
2019-06-25,0.0122443189153574,-0.04433427523059729,-0.05323349944504938,-0.02457745466335467,-0.02817241497083813
2019-06-26,0.02168891666211522,-0.03489029048652557,-0.04133276383255035,-0.023051310121159737,-0.02845830417855564
2019-06-27,-0.0292504342828482,-0.03252876842854171,-0.04031171328029689,-0.023848037075921102,-0.02850859559741044
2019-06-28,0.018330425469717096,-0.032481786405841005,-0.03821603681166199,-0.02396896643308673,-0.02640482248973673
2019-07-01,-0.03021354391810836,-0.03340562885914348,-0.04209051902881493,-0.023752892938478994,-0.02836955735186534
2019-07-02,-0.00013168084702167883,-0.0318456260208746,-0.03430737619308979,-0.023558579281723845,-0.027336097992311098
2019-07-03,0.023891015754689122,-0.035267288127127254,-0.03956381465334765,-0.02355462456621381,-0.02685164392927737
2019-07-05,-0.01785607731728144,-0.031453578771199794,-0.03726214109463617,-0.023450287915909196,-0.026301811018888677
2019-07-08,0.019575892140812283,-0.034177996214809526,-0.04009239816688374,-0.02275829685013667,-0.026146160003856313
2019-07-09,0.007288087375537079,-0.03025605589529004,-0.03920222174706473,-0.023129753942570577,-0.026785523570288634
2019-07-10,0.00542390963452816,-0.02996404161669996,-0.036614521448791994,-0.024222469301096998,-0.027904808314926133
2019-07-11,-0.015474594903717779,-0.03140287193643795,-0.039715407242099814,-0.023466277787834968,-0.027552099546817237
2019-07-12,0.00977658160497238,-0.03397076964274405,-0.03961426126692227,-0.024618762660049823,-0.02836553729697343
2019-07-15,-0.0192858479322777,-0.031923350276435586,-0.03867235740535934,-0.024752673483049006,-0.027724105323532984
2019-07-16,-0.03443614399651618,-0.03362686101810955,-0.038868559181134354,-0.023845798667594797,-0.02770677641594494
2019-07-17,0.0019700061678478006,-0.033277557299412515,-0.03993585948318494,-0.02322411257993511,-0.028458356795422975
2019-07-18,0.019890674833303583,-0.02969416179165674,-0.036885804314918044,-0.025117161140657977,-0.02771722002691109
2019-07-19,-0.00511371895888276,-0.029438387927854505,-0.03810572263360582,-0.0240014821284649,-0.027876005116533244
2019-07-22,-0.0028720950536320006,-0.033366186651825745,-0.041995651290189645,-0.02371262467347453,-0.026101037141932133
2019-07-23,-0.0065652476212545805,-0.031411734525850624,-0.037753393788194714,-0.02436157502899416,-0.027552376874521185
2019-07-24,-0.00331901968567834,-0.032256506698898874,-0.03801602071926455,-0.025838578214634558,-0.028795198559512052
2019-07-25,-0.0005248619692032799,-0.03131058970962206,-0.03803635169840898,-0.02376993642363281,-0.02679100338972241
2019-07-26,0.0016488784820751802,-0.04974351513899118,-0.06155241836732013,-0.02357815749126254,-0.027233516480833015
2019-07-29,-0.0032021496584753806,-0.0445150471859529,-0.05602721626707656,-0.024486039659775975,-0.028978801231358032
2019-07-30,0.0064654050607902795,-0.04749913219697382,-0.06173715497998574,-0.022322632880453233,-0.02559907653901485
2019-07-31,0.004722001011138981,-0.052401461056299954,-0.06242705532998688,-0.023805749454821428,-0.02778638355171586
2019-08-01,-0.0011227349186262187,-0.05116596511720863,-0.06266932010717567,-0.025029883873079938,-0.029267732327792135
2019-08-02,0.00338883782790532,-0.05158445592522468,-0.06908036695466417,-0.024027847695700048,-0.0279150454628462
2019-08-05,0.01955918441467796,-0.046266334793290814,-0.0617464618919923,-0.023896619024450755,-0.02725971236514174
2019-08-06,-0.00498855757282954,-0.049684000437609226,-0.06349824035224014,-0.023556478349164932,-0.025853471311089827
2019-08-07,0.005595789695469362,-0.0466966680734801,-0.054122519963959614,-0.022749998808146703,-0.026328432914422974
2019-08-08,0.007518961754615927,-0.04322992422574455,-0.05281943931102569,-0.024684210408736917,-0.028028809131866395
2019-08-09,0.0016845936776956204,-0.04798974845041805,-0.05880183009704567,-0.024725165652462775,-0.02857744849303241
2019-08-12,-0.006109651471309521,-0.04881397302580215,-0.06116005754689167,-0.026197402280302384,-0.03032290329695044
2019-08-13,0.0012222782122562389,-0.048299605360170444,-0.059234299367347684,-0.024327372663223545,-0.026535591649569784
2019-08-14,-0.026816500704403466,-0.04953107414590462,-0.060572370988428735,-0.023745965368130114,-0.02780527736656626
2019-08-15,0.006647167291276381,-0.04874780175729043,-0.06140645890931645,-0.024419568912044123,-0.028083830182557907
2019-08-16,0.00321069767407316,-0.04814948737339612,-0.062022500907018586,-0.023959879392541007,-0.028730109292892665
2019-08-19,0.013779339035662702,-0.04858549444329264,-0.05816341250686426,-0.023958394800845984,-0.028000279570837172
2019-08-20,-0.0024379249801239,-0.04458612528081783,-0.05763958546911431,-0.024424529784693963,-0.028397030990797302
2019-08-21,-0.011854744785303201,-0.04740802940080019,-0.0632124297346532,-0.024639428871195634,-0.02772574286860453
2019-08-22,-0.0025329535397895,-0.04662113730655836,-0.05629043670803881,-0.02421079437328904,-0.027293778303551997
2019-08-23,-0.000577319088772581,-0.04940322573992586,-0.06409140284927219,-0.02562810197221897,-0.02879646451010399
2019-08-26,0.00113993252184612,-0.040166546391647434,-0.04886457242644967,-0.02443272522843359,-0.028765370458676658
2019-08-27,0.0026209803930325997,-0.04530184602125408,-0.05371350417922469,-0.024659503901736487,-0.028141496149826778
2019-08-28,-0.0039233698145589215,-0.04314281060701979,-0.05234973098238903,-0.024570150690412525,-0.02758598687723405
2019-08-29,-0.0019653129091193808,-0.042971110843575626,-0.04862234838955491,-0.023828223313979897,-0.028040694520059778
2019-08-30,-0.004216898340937081,-0.03824498755257258,-0.04822356548054227,-0.02414267833885031,-0.028020874050548632
2019-09-03,0.018096275046437398,-0.046736533749143376,-0.0543705082278487,-0.024139933903062974,-0.026854376990920116
2019-09-04,0.01181898167653952,-0.04528872838229738,-0.05387668937822978,-0.023140399811622588,-0.026427774654745394
2019-09-05,-0.00445035234967008,-0.044054416156666235,-0.05458373133135821,-0.022884502697519408,-0.026294458557966704
2019-09-06,-0.00448849094091288,-0.04187024891814715,-0.05113851305422599,-0.023060686236316817,-0.026710394311282047
2019-09-09,0.0029591397338434204,-0.04283378831414002,-0.05133098033926211,-0.024277277751441215,-0.0276691302777833
2019-09-10,-0.00917253676060664,-0.04325988795316049,-0.05056313200278008,-0.02345317004127946,-0.02630438254783919
2019-09-11,-0.0014126702219619002,-0.04241974387840924,-0.04997204645810631,-0.024419201651076018,-0.027756660982371107
2019-09-12,0.0015286721891904203,-0.04413047290574911,-0.05646668913881422,-0.024020090225766257,-0.02755762731891198
2019-09-13,-0.00511195631645704,-0.04435508002829358,-0.05305326686454479,-0.02524147875964175,-0.02851552579921864
2019-09-16,0.02322172388401938,-0.04808547660549683,-0.05641797608269581,-0.023971211879021508,-0.02713954205237166
2019-09-17,-0.007868992703725241,-0.03975129524287862,-0.05069418723757141,-0.02303964074539737,-0.025824763184557824
2019-09-18,-0.005027633508529781,-0.0432939691777613,-0.05902705548147613,-0.022350328826019467,-0.025815013543543163
2019-09-19,0.0036996238980678527,-0.044135252163432726,-0.05661294521644118,-0.02361076260607301,-0.02781198655335577
2019-09-20,0.0010546596635133403,-0.04108356521568604,-0.05205835524814591,-0.024409777439383717,-0.02918953841400875
2019-09-23,-0.00756956566343348,-0.03867915897524401,-0.04933003974842884,-0.024531906447790946,-0.026753697693754103
2019-09-24,-0.0288670303070916,-0.04320820442186221,-0.05021416167705016,-0.024050998548226555,-0.026390034395999996
2019-09-25,-0.00869282926164152,-0.04346179690110312,-0.05425292101591432,-0.023972183250489217,-0.028274466573242292
2019-09-26,-0.0089115369891513,-0.03694792136263739,-0.04440571839055769,-0.02367377264714322,-0.02734136570540293
2019-09-27,-0.0009680860667143206,-0.04073003829570305,-0.05135058201618513,-0.024735059596833784,-0.027959902711510186
2019-09-30,-0.0065936155930451995,-0.042341844783513674,-0.0515279149115326,-0.022793623522047394,-0.02844519447385971
2019-10-01,-0.0022237630265245006,-0.042219767850996494,-0.05200183649545372,-0.025258885526973668,-0.02827467964824249
2019-10-02,-0.0031514011277328806,-0.04158266117805022,-0.05545943316803161,-0.022436109450742158,-0.025661617892049633
2019-10-03,-0.0005312141993979403,-0.044146696024000155,-0.05658477970572604,-0.0248771593358036,-0.029077837790050454
2019-10-04,0.0037649085489511,-0.044215775334311556,-0.05372112010697301,-0.02511913513254314,-0.028802077631071777
2019-10-07,-0.0022816760604946603,-0.046908563420379766,-0.05733569775983814,-0.022539382979696945,-0.025890280098285402
2019-10-08,-0.0041104688868459,-0.04240580684700259,-0.052605198507588255,-0.024759540481730274,-0.02715462238115506
2019-10-09,0.01211649889741504,-0.04413349780040691,-0.054546580875837636,-0.02284581874189728,-0.026635734258096528
2019-10-10,0.0017294535044493798,-0.04094489423686116,-0.05047160244716455,-0.023432069534442015,-0.027690388747982592
2019-10-11,-0.0026135922046627196,-0.0410332817397891,-0.05043277440815257,-0.023219073165343385,-0.025982028312523758
2019-10-14,-0.0018512669663439598,-0.04427109242190349,-0.055882929698687724,-0.022551756297062023,-0.027874777675246376
2019-10-15,-0.00663660443185154,-0.04105952544536025,-0.052389006920311385,-0.025040014655281512,-0.028587001179561273
2019-10-16,-0.0012284449070757803,-0.04035506745804168,-0.049614625309068364,-0.024032853784105482,-0.026954535699994765
2019-10-17,0.00469620045941286,-0.04347365727878253,-0.05429822891274925,-0.023773012542579627,-0.026909362442211714
2019-10-18,-0.0052307913433946,-0.043412555964682964,-0.05180315118161636,-0.024277490580505653,-0.028307299868602732
2019-10-21,0.006155885173072481,-0.0422787451851363,-0.05200000000079472,-0.024654758074104433,-0.02777779688765079
2019-10-22,-0.0013534780558986,-0.04216942504443168,-0.05222596597256438,-0.024924626402827246,-0.02854224802463946
2019-10-23,-0.007945656295588679,-0.042810876057977794,-0.05338096908162232,-0.024152203028801385,-0.029605654202392966
2019-10-24,0.00251311279826906,-0.029771136851457946,-0.03701932151279455,-0.02243861513702587,-0.027371906169168125
2019-10-25,0.03150339324694902,-0.03168083115468488,-0.03874126196753104,-0.024338533579392172,-0.027345723159568895
2019-10-28,0.008874316713112541,-0.030179089625182894,-0.03875530847110549,-0.023971039643856863,-0.027250009189183376
2019-10-29,0.00203237688758542,-0.033226748796008766,-0.0372388311818163,-0.023951048475046255,-0.027604160808594465
2019-10-30,-0.003997931686305601,-0.03402825079245902,-0.040643883273292346,-0.023152437467378086,-0.027054189643422412
2019-10-31,-0.00039747250238352026,-0.02960977449563728,-0.038656543286118734,-0.022683047477716878,-0.028573166534668366
2019-11-01,0.009768166639016961,-0.03531397475762134,-0.043394022325321274,-0.023579100091003315,-0.027089189700492494
2019-11-04,0.00449466559245888,-0.028727903162205318,-0.037496436157684415,-0.024711508125918904,-0.02851431804190953
2019-11-05,-0.00403513437702582,-0.035454331880666407,-0.04163330013106781,-0.023915368933652,-0.025979034217331064
2019-11-06,-0.00015178269310349999,-0.0341693705957186,-0.04076236546869373,-0.025681207930425526,-0.029429516819065304
2019-11-07,-0.00485449226051614,-0.03217933953397744,-0.04382708501418624,-0.023171850153026516,-0.02668104862200494
2019-11-08,-0.00945561301331096,-0.03087159150050536,-0.03943670297001146,-0.023882378520430826,-0.02763467844338008
2019-11-11,-0.0033932977480123604,-0.03437384434039672,-0.040226846815701794,-0.02452462579819775,-0.02749697489397098
2019-11-12,0.00203151567375216,-0.030586810007556905,-0.035764705111654436,-0.02400475999496505,-0.027430143357223047
2019-11-13,0.00274900524231894,-0.03467445407616583,-0.04270090695507639,-0.02465032449465221,-0.026916114834286946
2019-11-14,-0.0009864394348763398,-0.030995231222282274,-0.03908785644823731,-0.023011208097619373,-0.027481917405360656
2019-11-15,-0.0014167566971023402,-0.03186499084488614,-0.04116632413503839,-0.02458891175817183,-0.029208742403384558
2019-11-18,-0.006271397063202721,-0.03272038922841372,-0.04246941703826388,-0.025803103601647292,-0.028918791715445064
2019-11-19,-0.007702382203241761,-0.03685976377596482,-0.04434951649770619,-0.023876176818670145,-0.027340931133747342
2019-11-20,0.0013060229791478388,-0.031199454101503394,-0.03609635101268246,-0.02330179103190234,-0.026856853904378634
2019-11-21,-0.0067589538053269395,-0.031124338186778608,-0.03850667627679326,-0.023508530235341066,-0.026841280607190755
2019-11-22,-0.0107200236882788,-0.023690755680487164,-0.029306556349922862,-0.024164125171145943,-0.028161883944848597
2019-11-25,-0.0034938310920975,-0.02320069044745749,-0.028539530412621656,-0.023725126112834304,-0.027556143774702974
2019-11-26,0.00511719697952006,-0.024588921203298208,-0.028866592092680204,-0.02207002275879361,-0.025893298877625027
2019-11-27,0.00698333397265986,-0.02443042331874285,-0.03151946417064898,-0.023358320091942227,-0.027313082999232678
2019-11-29,-0.002417798869829739,-0.025056689220520997,-0.031043427818046993,-0.023692773937895352,-0.027422685471287893
2019-12-02,-0.013320590035145682,-0.024665571820955644,-0.02797175461029346,-0.0233177674283466,-0.027750283328946405
2019-12-03,0.0038229581181064,-0.023451242686724806,-0.03157555986980765,-0.024320744119305918,-0.030203042781336675
2019-12-04,0.00550030534208408,-0.02398573813075669,-0.02820112806965523,-0.025155980719366804,-0.02890851790768311
2019-12-05,0.005348782664128601,-0.022786723587565318,-0.02949600639848688,-0.023618194865225792,-0.02756005334073085
2019-12-06,0.00396534194646402,-0.024083793040519403,-0.02933110607792233,-0.024187298562273987,-0.02838363218042298
2019-12-09,-0.00427325579659814,-0.023151629196797974,-0.02616399092828342,-0.02342885864637644,-0.0268672565829098
2019-12-10,-0.0022660262655636596,-0.022367015514074245,-0.026719676091256483,-0.024806935352681515,-0.02876003226311264
2019-12-11,-0.0003659764454432199,-0.02477067786664831,-0.029265371881696596,-0.023273506090629666,-0.027059964010291565
2019-12-12,0.0012695061236339597,-0.0230411923217598,-0.026579383427375834,-0.025298209986761744,-0.0283097972058155
2019-12-13,0.004848980481441781,-0.02386586755750761,-0.02910308021954941,-0.02296376377224491,-0.028629988342129337
2019-12-16,-0.007486919361454819,-0.022842257213580238,-0.027284975692112377,-0.02601165366093329,-0.02950756437311019
2019-12-17,-0.006532312920288836,-0.024326868036349272,-0.0288536423682876,-0.02389783898604749,-0.027689486307214746
2019-12-18,0.018098465788563972,-0.022137855751297432,-0.02774235237475418,-0.024686215923604996,-0.02679993357971546
2019-12-19,7.525397298537993e-05,-0.02651644337008904,-0.031936468470729514,-0.022965399870790375,-0.027128146909018776
2019-12-20,-0.0008426375539212602,-0.023833419639267994,-0.03127404651304689,-0.02508630366869361,-0.027240441624663225
2019-12-23,0.00559977339259888,-0.02444153944359067,-0.02897633282681573,-0.0247634594056756,-0.028401364625753732
