pair,threshold_q,scale_base,scale_compare,delta_est,delta_ci_low,delta_ci_high,excludes_zero
SPY-IEF,0.025,D1,D2,0.0,0.0,0.0,False
SPY-IEF,0.05,D1,D2,0.0,0.0,0.0,False
SPY-IEF,0.1,D1,D2,0.0,0.0,0.0,False
SPY-GLD,0.025,D1,D2,0.0,0.0,0.0,False
SPY-GLD,0.05,D1,D2,0.0,0.0,0.0,False
SPY-GLD,0.1,D1,D2,0.0,0.0,0.0,False
SPY-USO,0.025,D1,D2,0.0,0.0,0.0,False
SPY-USO,0.05,D1,D2,0.0,0.0,0.0,False
SPY-USO,0.1,D1,D2,0.0,0.0,0.0,False
SPY-BT-CUSD,0.025,D1,D2,0.0,0.0,0.0,False
SPY-BT-CUSD,0.05,D1,D2,0.0,0.0,0.0,False
SPY-BT-CUSD,0.1,D1,D2,0.0,0.0,0.0,False
IEF-GLD,0.025,D1,D2,0.0,0.0,0.0,False
IEF-GLD,0.05,D1,D2,0.0,0.0,0.0,False
IEF-GLD,0.1,D1,D2,0.0,0.0,0.0,False
IEF-USO,0.025,D1,D2,0.0,0.0,0.0,False
IEF-USO,0.05,D1,D2,0.0,0.0,0.0,False
IEF-USO,0.1,D1,D2,0.0,0.0,0.0,False
IEF-BT-CUSD,0.025,D1,D2,0.0,0.0,0.0,False
IEF-BT-CUSD,0.05,D1,D2,0.0,0.0,0.0,False
IEF-BT-CUSD,0.1,D1,D2,0.0,0.0,0.0,False
GLD-USO,0.025,D1,D2,0.0,0.0,0.0,False
GLD-USO,0.05,D1,D2,0.0,0.0,0.0,False
GLD-USO,0.1,D1,D2,0.0,0.0,0.0,False
GLD-BT-CUSD,0.025,D1,D2,0.0,0.0,0.0,False
GLD-BT-CUSD,0.05,D1,D2,0.0,0.0,0.0,False
GLD-BT-CUSD,0.1,D1,D2,0.0,0.0,0.0,False
USO-BT-CUSD,0.025,D1,D2,0.0,0.0,0.0,False
USO-BT-CUSD,0.05,D1,D2,0.0,0.0,0.0,False
USO-BT-CUSD,0.1,D1,D2,0.0,0.0,0.0,False
SPY-IEF,0.025,D1,D3,0.0,0.0,0.0,False
SPY-IEF,0.05,D1,D3,0.0,0.0,0.0,False
SPY-IEF,0.1,D1,D3,0.0,0.0,0.0,False
SPY-GLD,0.025,D1,D3,0.0,0.0,0.0,False
SPY-GLD,0.05,D1,D3,0.0,0.0,0.0,False
SPY-GLD,0.1,D1,D3,0.0,0.0,0.0,False
SPY-USO,0.025,D1,D3,0.0,0.0,0.0,False
SPY-USO,0.05,D1,D3,0.0,0.0,0.0,False
SPY-USO,0.1,D1,D3,0.0,0.0,0.0,False
SPY-BT-CUSD,0.025,D1,D3,0.0,0.0,0.0,False
SPY-BT-CUSD,0.05,D1,D3,0.0,0.0,0.0,False
SPY-BT-CUSD,0.1,D1,D3,0.0,0.0,0.0,False
IEF-GLD,0.025,D1,D3,0.0,0.0,0.0,False
IEF-GLD,0.05,D1,D3,0.0,0.0,0.0,False
IEF-GLD,0.1,D1,D3,0.0,0.0,0.0,False
IEF-USO,0.025,D1,D3,0.0,0.0,0.0,False
IEF-USO,0.05,D1,D3,0.0,0.0,0.0,False
IEF-USO,0.1,D1,D3,0.0,0.0,0.0,False
IEF-BT-CUSD,0.025,D1,D3,0.0,0.0,0.0,False
IEF-BT-CUSD,0.05,D1,D3,0.0,0.0,0.0,False
IEF-BT-CUSD,0.1,D1,D3,0.0,0.0,0.0,False
GLD-USO,0.025,D1,D3,0.0,0.0,0.0,False
GLD-USO,0.05,D1,D3,0.0,0.0,0.0,False
GLD-USO,0.1,D1,D3,0.0,0.0,0.0,False
GLD-BT-CUSD,0.025,D1,D3,0.0,0.0,0.0,False
GLD-BT-CUSD,0.05,D1,D3,0.0,0.0,0.0,False
GLD-BT-CUSD,0.1,D1,D3,0.0,0.0,0.0,False
USO-BT-CUSD,0.025,D1,D3,0.0,0.0,0.0,False
USO-BT-CUSD,0.05,D1,D3,0.0,0.0,0.0,False
USO-BT-CUSD,0.1,D1,D3,0.0,0.0,0.0,False
SPY-IEF,0.025,D1,D4,0.0,0.0,0.0,False
SPY-IEF,0.05,D1,D4,0.0,0.0,0.0,False
SPY-IEF,0.1,D1,D4,0.0,0.0,0.0,False
SPY-GLD,0.025,D1,D4,0.0,0.0,0.0,False
SPY-GLD,0.05,D1,D4,0.0,0.0,0.0,False
SPY-GLD,0.1,D1,D4,0.0,0.0,0.0,False
SPY-USO,0.025,D1,D4,0.0,0.0,0.0,False
SPY-USO,0.05,D1,D4,0.0,0.0,0.0,False
SPY-USO,0.1,D1,D4,0.0,0.0,0.0,False
SPY-BT-CUSD,0.025,D1,D4,0.0,0.0,0.0,False
SPY-BT-CUSD,0.05,D1,D4,0.0,0.0,0.0,False
SPY-BT-CUSD,0.1,D1,D4,0.0,0.0,0.0,False
IEF-GLD,0.025,D1,D4,0.0,0.0,0.0,False
IEF-GLD,0.05,D1,D4,0.0,0.0,0.0,False
IEF-GLD,0.1,D1,D4,0.0,0.0,0.0,False
IEF-USO,0.025,D1,D4,0.0,0.0,0.0,False
IEF-USO,0.05,D1,D4,0.0,0.0,0.0,False
IEF-USO,0.1,D1,D4,0.0,0.0,0.0,False
IEF-BT-CUSD,0.025,D1,D4,0.0,0.0,0.0,False
IEF-BT-CUSD,0.05,D1,D4,0.0,0.0,0.0,False
IEF-BT-CUSD,0.1,D1,D4,0.0,0.0,0.0,False
GLD-USO,0.025,D1,D4,0.0,0.0,0.0,False
GLD-USO,0.05,D1,D4,0.0,0.0,0.0,False
GLD-USO,0.1,D1,D4,0.0,0.0,0.0,False
GLD-BT-CUSD,0.025,D1,D4,0.0,0.0,0.0,False
GLD-BT-CUSD,0.05,D1,D4,0.0,0.0,0.0,False
GLD-BT-CUSD,0.1,D1,D4,0.0,0.0,0.0,False
USO-BT-CUSD,0.025,D1,D4,0.0,0.0,0.0,False
USO-BT-CUSD,0.05,D1,D4,0.0,0.0,0.0,False
USO-BT-CUSD,0.1,D1,D4,0.0,0.0,0.0,False
SPY-IEF,0.025,D1,D5,0.0,0.0,0.0,False
SPY-IEF,0.05,D1,D5,0.0,0.0,0.0,False
SPY-IEF,0.1,D1,D5,0.0,0.0,0.0,False
SPY-GLD,0.025,D1,D5,0.0,0.0,0.0,False
SPY-GLD,0.05,D1,D5,0.0,0.0,0.0,False
SPY-GLD,0.1,D1,D5,0.0,0.0,0.0,False
SPY-USO,0.025,D1,D5,0.0,0.0,0.0,False
SPY-USO,0.05,D1,D5,0.0,0.0,0.0,False
SPY-USO,0.1,D1,D5,0.0,0.0,0.0,False
SPY-BT-CUSD,0.025,D1,D5,0.0,0.0,0.0,False
SPY-BT-CUSD,0.05,D1,D5,0.0,0.0,0.0,False
SPY-BT-CUSD,0.1,D1,D5,0.0,0.0,0.0,False
IEF-GLD,0.025,D1,D5,0.0,0.0,0.0,False
IEF-GLD,0.05,D1,D5,0.0,0.0,0.0,False
IEF-GLD,0.1,D1,D5,0.0,0.0,0.0,False
IEF-USO,0.025,D1,D5,0.0,0.0,0.0,False
IEF-USO,0.05,D1,D5,0.0,0.0,0.0,False
IEF-USO,0.1,D1,D5,0.0,0.0,0.0,False
IEF-BT-CUSD,0.025,D1,D5,0.0,0.0,0.0,False
IEF-BT-CUSD,0.05,D1,D5,0.0,0.0,0.0,False
IEF-BT-CUSD,0.1,D1,D5,0.0,0.0,0.0,False
GLD-USO,0.025,D1,D5,0.0,0.0,0.0,False
GLD-USO,0.05,D1,D5,0.0,0.0,0.0,False
GLD-USO,0.1,D1,D5,0.0,0.0,0.0,False
GLD-BT-CUSD,0.025,D1,D5,0.0,0.0,0.0,False
GLD-BT-CUSD,0.05,D1,D5,0.0,0.0,0.0,False
GLD-BT-CUSD,0.1,D1,D5,0.0,0.0,0.0,False
USO-BT-CUSD,0.025,D1,D5,0.0,0.0,0.0,False
USO-BT-CUSD,0.05,D1,D5,0.0,0.0,0.0,False
USO-BT-CUSD,0.1,D1,D5,0.0,0.0,0.0,False
SPY-IEF,0.025,D1,S5,0.0,0.0,0.0,False
SPY-IEF,0.05,D1,S5,0.0,0.0,0.0,False
SPY-IEF,0.1,D1,S5,0.0,0.0,0.0,False
SPY-GLD,0.025,D1,S5,0.0,0.0,0.0,False
SPY-GLD,0.05,D1,S5,0.0,0.0,0.0,False
SPY-GLD,0.1,D1,S5,0.0,0.0,0.0,False
SPY-USO,0.025,D1,S5,0.0,0.0,0.0,False
SPY-USO,0.05,D1,S5,0.0,0.0,0.0,False
SPY-USO,0.1,D1,S5,0.0,0.0,0.0,False
SPY-BT-CUSD,0.025,D1,S5,0.0,0.0,0.0,False
SPY-BT-CUSD,0.05,D1,S5,0.0,0.0,0.0,False
SPY-BT-CUSD,0.1,D1,S5,0.0,0.0,0.0,False
IEF-GLD,0.025,D1,S5,0.0,0.0,0.0,False
IEF-GLD,0.05,D1,S5,0.0,0.0,0.0,False
IEF-GLD,0.1,D1,S5,0.0,0.0,0.0,False
IEF-USO,0.025,D1,S5,0.0,0.0,0.0,False
IEF-USO,0.05,D1,S5,0.0,0.0,0.0,False
IEF-USO,0.1,D1,S5,0.0,0.0,0.0,False
IEF-BT-CUSD,0.025,D1,S5,0.0,0.0,0.0,False
IEF-BT-CUSD,0.05,D1,S5,0.0,0.0,0.0,False
IEF-BT-CUSD,0.1,D1,S5,0.0,0.0,0.0,False
GLD-USO,0.025,D1,S5,0.0,0.0,0.0,False
GLD-USO,0.05,D1,S5,0.0,0.0,0.0,False
GLD-USO,0.1,D1,S5,0.0,0.0,0.0,False
GLD-BT-CUSD,0.025,D1,S5,0.0,0.0,0.0,False
GLD-BT-CUSD,0.05,D1,S5,0.0,0.0,0.0,False
GLD-BT-CUSD,0.1,D1,S5,0.0,0.0,0.0,False
USO-BT-CUSD,0.025,D1,S5,0.0,0.0,0.0,False
USO-BT-CUSD,0.05,D1,S5,0.0,0.0,0.0,False
USO-BT-CUSD,0.1,D1,S5,0.0,0.0,0.0,False
