scale,pair,threshold_q,lambda_L_broad,lambda_L_stress,N_broad,N_stress,events_stress,comparison_type
D1,SPY-IEF,0.05,0.04777070063694267,0.0,1256,104,0,descriptive; same pre-stress fitted marginal models
D1,SPY-IEF,0.1,0.03980891719745223,0.09615384615384615,1256,104,1,descriptive; same pre-stress fitted marginal models
D1,SPY-GLD,0.05,0.03184713375796178,0.0,1256,104,0,descriptive; same pre-stress fitted marginal models
D1,SPY-GLD,0.1,0.07961783439490445,0.09615384615384615,1256,104,1,descriptive; same pre-stress fitted marginal models
D1,SPY-USO,0.05,0.14331210191082802,0.5769230769230769,1256,104,3,descriptive; same pre-stress fitted marginal models
D1,SPY-USO,0.1,0.25477707006369427,0.3846153846153846,1256,104,4,descriptive; same pre-stress fitted marginal models
D1,SPY-BTC-USD,0.05,0.04777070063694267,0.3846153846153846,1256,104,2,descriptive; same pre-stress fitted marginal models
D1,SPY-BTC-USD,0.1,0.11146496815286623,0.4807692307692307,1256,104,5,descriptive; same pre-stress fitted marginal models
D1,IEF-GLD,0.05,0.1751592356687898,0.3846153846153846,1256,104,2,descriptive; same pre-stress fitted marginal models
D1,IEF-GLD,0.1,0.27070063694267515,0.1923076923076923,1256,104,2,descriptive; same pre-stress fitted marginal models
D1,IEF-USO,0.05,0.01592356687898089,0.1923076923076923,1256,104,1,descriptive; same pre-stress fitted marginal models
D1,IEF-USO,0.1,0.06369426751592357,0.09615384615384615,1256,104,1,descriptive; same pre-stress fitted marginal models
D1,IEF-BTC-USD,0.05,0.06369426751592357,0.1923076923076923,1256,104,1,descriptive; same pre-stress fitted marginal models
D1,IEF-BTC-USD,0.1,0.0875796178343949,0.09615384615384615,1256,104,1,descriptive; same pre-stress fitted marginal models
D1,GLD-USO,0.05,0.04777070063694267,0.1923076923076923,1256,104,1,descriptive; same pre-stress fitted marginal models
D1,GLD-USO,0.1,0.12738853503184713,0.1923076923076923,1256,104,2,descriptive; same pre-stress fitted marginal models
D1,GLD-BTC-USD,0.05,0.07961783439490445,0.0,1256,104,0,descriptive; same pre-stress fitted marginal models
D1,GLD-BTC-USD,0.1,0.07165605095541401,0.0,1256,104,0,descriptive; same pre-stress fitted marginal models
D1,USO-BTC-USD,0.05,0.04777070063694267,0.3846153846153846,1256,104,2,descriptive; same pre-stress fitted marginal models
D1,USO-BTC-USD,0.1,0.09554140127388534,0.28846153846153844,1256,104,3,descriptive; same pre-stress fitted marginal models
D2,SPY-IEF,0.05,0.06369426751592357,0.0,1256,104,0,descriptive; same pre-stress fitted marginal models
D2,SPY-IEF,0.1,0.04777070063694267,0.09615384615384615,1256,104,1,descriptive; same pre-stress fitted marginal models
D2,SPY-GLD,0.05,0.01592356687898089,0.0,1256,104,0,descriptive; same pre-stress fitted marginal models
D2,SPY-GLD,0.1,0.0875796178343949,0.09615384615384615,1256,104,1,descriptive; same pre-stress fitted marginal models
D2,SPY-USO,0.05,0.14331210191082802,0.7692307692307692,1256,104,4,descriptive; same pre-stress fitted marginal models
D2,SPY-USO,0.1,0.1592356687898089,0.5769230769230769,1256,104,6,descriptive; same pre-stress fitted marginal models
D2,SPY-BTC-USD,0.05,0.12738853503184713,0.1923076923076923,1256,104,1,descriptive; same pre-stress fitted marginal models
D2,SPY-BTC-USD,0.1,0.13535031847133758,0.28846153846153844,1256,104,3,descriptive; same pre-stress fitted marginal models
D2,IEF-GLD,0.05,0.19108280254777069,0.3846153846153846,1256,104,2,descriptive; same pre-stress fitted marginal models
D2,IEF-GLD,0.1,0.25477707006369427,0.1923076923076923,1256,104,2,descriptive; same pre-stress fitted marginal models
D2,IEF-USO,0.05,0.01592356687898089,0.0,1256,104,0,descriptive; same pre-stress fitted marginal models
D2,IEF-USO,0.1,0.04777070063694267,0.0,1256,104,0,descriptive; same pre-stress fitted marginal models
D2,IEF-BTC-USD,0.05,0.04777070063694267,0.1923076923076923,1256,104,1,descriptive; same pre-stress fitted marginal models
D2,IEF-BTC-USD,0.1,0.09554140127388534,0.1923076923076923,1256,104,2,descriptive; same pre-stress fitted marginal models
D2,GLD-USO,0.05,0.01592356687898089,0.0,1256,104,0,descriptive; same pre-stress fitted marginal models
D2,GLD-USO,0.1,0.09554140127388534,0.28846153846153844,1256,104,3,descriptive; same pre-stress fitted marginal models
D2,GLD-BTC-USD,0.05,0.01592356687898089,0.3846153846153846,1256,104,2,descriptive; same pre-stress fitted marginal models
D2,GLD-BTC-USD,0.1,0.0875796178343949,0.28846153846153844,1256,104,3,descriptive; same pre-stress fitted marginal models
D2,USO-BTC-USD,0.05,0.06369426751592357,0.1923076923076923,1256,104,1,descriptive; same pre-stress fitted marginal models
D2,USO-BTC-USD,0.1,0.12738853503184713,0.1923076923076923,1256,104,2,descriptive; same pre-stress fitted marginal models
D3,SPY-IEF,0.05,0.03184713375796178,0.1923076923076923,1256,104,1,descriptive; same pre-stress fitted marginal models
D3,SPY-IEF,0.1,0.055732484076433116,0.09615384615384615,1256,104,1,descriptive; same pre-stress fitted marginal models
D3,SPY-GLD,0.05,0.03184713375796178,0.1923076923076923,1256,104,1,descriptive; same pre-stress fitted marginal models
D3,SPY-GLD,0.1,0.055732484076433116,0.09615384615384615,1256,104,1,descriptive; same pre-stress fitted marginal models
D3,SPY-USO,0.05,0.07961783439490445,0.5769230769230769,1256,104,3,descriptive; same pre-stress fitted marginal models
D3,SPY-USO,0.1,0.19108280254777069,0.5769230769230769,1256,104,6,descriptive; same pre-stress fitted marginal models
D3,SPY-BTC-USD,0.05,0.03184713375796178,0.1923076923076923,1256,104,1,descriptive; same pre-stress fitted marginal models
D3,SPY-BTC-USD,0.1,0.0875796178343949,0.28846153846153844,1256,104,3,descriptive; same pre-stress fitted marginal models
D3,IEF-GLD,0.05,0.19108280254777069,0.5769230769230769,1256,104,3,descriptive; same pre-stress fitted marginal models
D3,IEF-GLD,0.1,0.30254777070063693,0.5769230769230769,1256,104,6,descriptive; same pre-stress fitted marginal models
D3,IEF-USO,0.05,0.0,0.0,1256,104,0,descriptive; same pre-stress fitted marginal models
D3,IEF-USO,0.1,0.03980891719745223,0.09615384615384615,1256,104,1,descriptive; same pre-stress fitted marginal models
D3,IEF-BTC-USD,0.05,0.07961783439490445,0.0,1256,104,0,descriptive; same pre-stress fitted marginal models
D3,IEF-BTC-USD,0.1,0.10350318471337579,0.28846153846153844,1256,104,3,descriptive; same pre-stress fitted marginal models
D3,GLD-USO,0.05,0.01592356687898089,0.1923076923076923,1256,104,1,descriptive; same pre-stress fitted marginal models
D3,GLD-USO,0.1,0.12738853503184713,0.3846153846153846,1256,104,4,descriptive; same pre-stress fitted marginal models
D3,GLD-BTC-USD,0.05,0.0,0.3846153846153846,1256,104,2,descriptive; same pre-stress fitted marginal models
D3,GLD-BTC-USD,0.1,0.06369426751592357,0.673076923076923,1256,104,7,descriptive; same pre-stress fitted marginal models
D3,USO-BTC-USD,0.05,0.07961783439490445,0.5769230769230769,1256,104,3,descriptive; same pre-stress fitted marginal models
D3,USO-BTC-USD,0.1,0.14331210191082802,0.4807692307692307,1256,104,5,descriptive; same pre-stress fitted marginal models
D4,SPY-IEF,0.05,0.01592356687898089,0.5769230769230769,1256,104,3,descriptive; same pre-stress fitted marginal models
D4,SPY-IEF,0.1,0.07165605095541401,0.3846153846153846,1256,104,4,descriptive; same pre-stress fitted marginal models
D4,SPY-GLD,0.05,0.03184713375796178,0.7692307692307692,1256,104,4,descriptive; same pre-stress fitted marginal models
D4,SPY-GLD,0.1,0.12738853503184713,0.4807692307692307,1256,104,5,descriptive; same pre-stress fitted marginal models
D4,SPY-USO,0.05,0.23885350318471335,0.0,1256,104,0,descriptive; same pre-stress fitted marginal models
D4,SPY-USO,0.1,0.2945859872611465,0.09615384615384615,1256,104,1,descriptive; same pre-stress fitted marginal models
D4,SPY-BTC-USD,0.05,0.11146496815286623,0.5769230769230769,1256,104,3,descriptive; same pre-stress fitted marginal models
D4,SPY-BTC-USD,0.1,0.11942675159235668,0.5769230769230769,1256,104,6,descriptive; same pre-stress fitted marginal models
D4,IEF-GLD,0.05,0.27070063694267515,0.5769230769230769,1256,104,3,descriptive; same pre-stress fitted marginal models
D4,IEF-GLD,0.1,0.3503184713375796,0.5769230769230769,1256,104,6,descriptive; same pre-stress fitted marginal models
D4,IEF-USO,0.05,0.03184713375796178,0.0,1256,104,0,descriptive; same pre-stress fitted marginal models
D4,IEF-USO,0.1,0.055732484076433116,0.0,1256,104,0,descriptive; same pre-stress fitted marginal models
D4,IEF-BTC-USD,0.05,0.03184713375796178,0.0,1256,104,0,descriptive; same pre-stress fitted marginal models
D4,IEF-BTC-USD,0.1,0.11942675159235668,0.0,1256,104,0,descriptive; same pre-stress fitted marginal models
D4,GLD-USO,0.05,0.03184713375796178,0.0,1256,104,0,descriptive; same pre-stress fitted marginal models
D4,GLD-USO,0.1,0.09554140127388534,0.09615384615384615,1256,104,1,descriptive; same pre-stress fitted marginal models
D4,GLD-BTC-USD,0.05,0.07961783439490445,0.0,1256,104,0,descriptive; same pre-stress fitted marginal models
D4,GLD-BTC-USD,0.1,0.1592356687898089,0.09615384615384615,1256,104,1,descriptive; same pre-stress fitted marginal models
D4,USO-BTC-USD,0.05,0.09554140127388534,0.3846153846153846,1256,104,2,descriptive; same pre-stress fitted marginal models
D4,USO-BTC-USD,0.1,0.18312101910828024,0.28846153846153844,1256,104,3,descriptive; same pre-stress fitted marginal models
D5,SPY-IEF,0.05,0.0,0.0,1256,104,0,descriptive; same pre-stress fitted marginal models
D5,SPY-IEF,0.1,0.007961783439490446,0.0,1256,104,0,descriptive; same pre-stress fitted marginal models
D5,SPY-GLD,0.05,0.01592356687898089,0.5769230769230769,1256,104,3,descriptive; same pre-stress fitted marginal models
D5,SPY-GLD,0.1,0.06369426751592357,0.4807692307692307,1256,104,5,descriptive; same pre-stress fitted marginal models
D5,SPY-USO,0.05,0.1592356687898089,0.5769230769230769,1256,104,3,descriptive; same pre-stress fitted marginal models
D5,SPY-USO,0.1,0.25477707006369427,0.4807692307692307,1256,104,5,descriptive; same pre-stress fitted marginal models
D5,SPY-BTC-USD,0.05,0.01592356687898089,0.9615384615384615,1256,104,5,descriptive; same pre-stress fitted marginal models
D5,SPY-BTC-USD,0.1,0.19108280254777069,0.673076923076923,1256,104,7,descriptive; same pre-stress fitted marginal models
D5,IEF-GLD,0.05,0.04777070063694267,0.0,1256,104,0,descriptive; same pre-stress fitted marginal models
D5,IEF-GLD,0.1,0.12738853503184713,0.0,1256,104,0,descriptive; same pre-stress fitted marginal models
D5,IEF-USO,0.05,0.0,0.0,1256,104,0,descriptive; same pre-stress fitted marginal models
D5,IEF-USO,0.1,0.023885350318471336,0.0,1256,104,0,descriptive; same pre-stress fitted marginal models
D5,IEF-BTC-USD,0.05,0.0,0.5769230769230769,1256,104,3,descriptive; same pre-stress fitted marginal models
D5,IEF-BTC-USD,0.1,0.03184713375796178,0.4807692307692307,1256,104,5,descriptive; same pre-stress fitted marginal models
D5,GLD-USO,0.05,0.06369426751592357,0.9615384615384615,1256,104,5,descriptive; same pre-stress fitted marginal models
D5,GLD-USO,0.1,0.12738853503184713,0.5769230769230769,1256,104,6,descriptive; same pre-stress fitted marginal models
D5,GLD-BTC-USD,0.05,0.01592356687898089,0.3846153846153846,1256,104,2,descriptive; same pre-stress fitted marginal models
D5,GLD-BTC-USD,0.1,0.055732484076433116,0.28846153846153844,1256,104,3,descriptive; same pre-stress fitted marginal models
D5,USO-BTC-USD,0.05,0.01592356687898089,0.3846153846153846,1256,104,2,descriptive; same pre-stress fitted marginal models
D5,USO-BTC-USD,0.1,0.11146496815286623,0.28846153846153844,1256,104,3,descriptive; same pre-stress fitted marginal models
S5,SPY-IEF,0.05,0.0,0.0,1256,104,0,descriptive; same pre-stress fitted marginal models
S5,SPY-IEF,0.1,0.06369426751592357,0.0,1256,104,0,descriptive; same pre-stress fitted marginal models
S5,SPY-GLD,0.05,0.0,0.0,1256,104,0,descriptive; same pre-stress fitted marginal models
S5,SPY-GLD,0.1,0.03980891719745223,0.0,1256,104,0,descriptive; same pre-stress fitted marginal models
S5,SPY-USO,0.05,0.38216560509554137,2.692307692307692,1256,104,14,descriptive; same pre-stress fitted marginal models
S5,SPY-USO,0.1,0.2786624203821656,2.019230769230769,1256,104,21,descriptive; same pre-stress fitted marginal models
S5,SPY-BTC-USD,0.05,0.0,2.5,1256,104,13,descriptive; same pre-stress fitted marginal models
S5,SPY-BTC-USD,0.1,0.1751592356687898,1.6346153846153846,1256,104,17,descriptive; same pre-stress fitted marginal models
S5,IEF-GLD,0.05,0.0,0.0,1256,104,0,descriptive; same pre-stress fitted marginal models
S5,IEF-GLD,0.1,0.25477707006369427,0.0,1256,104,0,descriptive; same pre-stress fitted marginal models
S5,IEF-USO,0.05,0.0,0.0,1256,104,0,descriptive; same pre-stress fitted marginal models
S5,IEF-USO,0.1,0.07961783439490445,0.0,1256,104,0,descriptive; same pre-stress fitted marginal models
S5,IEF-BTC-USD,0.05,0.22292993630573246,0.0,1256,104,0,descriptive; same pre-stress fitted marginal models
S5,IEF-BTC-USD,0.1,0.19108280254777069,0.0,1256,104,0,descriptive; same pre-stress fitted marginal models
S5,GLD-USO,0.05,0.0,0.0,1256,104,0,descriptive; same pre-stress fitted marginal models
S5,GLD-USO,0.1,0.11146496815286623,0.0,1256,104,0,descriptive; same pre-stress fitted marginal models
S5,GLD-BTC-USD,0.05,0.1592356687898089,0.0,1256,104,0,descriptive; same pre-stress fitted marginal models
S5,GLD-BTC-USD,0.1,0.13535031847133758,0.0,1256,104,0,descriptive; same pre-stress fitted marginal models
S5,USO-BTC-USD,0.05,0.0,1.923076923076923,1256,104,10,descriptive; same pre-stress fitted marginal models
S5,USO-BTC-USD,0.1,0.07165605095541401,2.1153846153846154,1256,104,22,descriptive; same pre-stress fitted marginal models
