scale,pair,threshold_q,sample_size,tail_event_count_L,tail_event_count_U,lambda_L_est,lambda_L_ci_low,lambda_L_ci_high,lambda_U_est,lambda_U_ci_low,lambda_U_ci_high
D1,SPY-IEF,0.025,1257,0,0,0.0,0.0,0.0,0.0,0.0,0.0
D1,SPY-IEF,0.05,1257,0,0,0.0,0.0,0.0,0.0,0.0,0.0
D1,SPY-IEF,0.1,1257,0,0,0.0,0.0,0.0,0.0,0.0,0.0
D1,SPY-GLD,0.025,1257,0,0,0.0,0.0,0.0,0.0,0.0,0.0
D1,SPY-GLD,0.05,1257,0,0,0.0,0.0,0.0,0.0,0.0,0.0
D1,SPY-GLD,0.1,1257,0,0,0.0,0.0,0.0,0.0,0.0,0.0
D1,SPY-USO,0.025,1257,0,0,0.0,0.0,0.0,0.0,0.0,0.0
D1,SPY-USO,0.05,1257,0,0,0.0,0.0,0.0,0.0,0.0,0.0
D1,SPY-USO,0.1,1257,0,0,0.0,0.0,0.0,0.0,0.0,0.0
D1,SPY-BTC-USD,0.025,1257,0,0,0.0,0.0,0.0,0.0,0.0,0.0
D1,SPY-BTC-USD,0.05,1257,0,0,0.0,0.0,0.0,0.0,0.0,0.0
D1,SPY-BTC-USD,0.1,1257,0,0,0.0,0.0,0.0,0.0,0.0,0.0
D1,IEF-GLD,0.025,1257,0,0,0.0,0.0,0.0,0.0,0.0,0.0
D1,IEF-GLD,0.05,1257,0,0,0.0,0.0,0.0,0.0,0.0,0.0
D1,IEF-GLD,0.1,1257,0,0,0.0,0.0,0.0,0.0,0.0,0.0
D1,IEF-USO,0.025,1257,0,0,0.0,0.0,0.0,0.0,0.0,0.0
D1,IEF-USO,0.05,1257,0,0,0.0,0.0,0.0,0.0,0.0,0.0
D1,IEF-USO,0.1,1257,0,0,0.0,0.0,0.0,0.0,0.0,0.0
D1,IEF-BTC-USD,0.025,1257,0,0,0.0,0.0,0.0,0.0,0.0,0.0
D1,IEF-BTC-USD,0.05,1257,0,0,0.0,0.0,0.0,0.0,0.0,0.0
D1,IEF-BTC-USD,0.1,1257,0,0,0.0,0.0,0.0,0.0,0.0,0.0
D1,GLD-USO,0.025,1257,0,0,0.0,0.0,0.0,0.0,0.0,0.0
D1,GLD-USO,0.05,1257,0,0,0.0,0.0,0.0,0.0,0.0,0.0
D1,GLD-USO,0.1,1257,0,0,0.0,0.0,0.0,0.0,0.0,0.0
D1,GLD-BTC-USD,0.025,1257,0,0,0.0,0.0,0.0,0.0,0.0,0.0
D1,GLD-BTC-USD,0.05,1257,0,0,0.0,0.0,0.0,0.0,0.0,0.0
D1,GLD-BTC-USD,0.1,1257,0,0,0.0,0.0,0.0,0.0,0.0,0.0
D1,USO-BTC-USD,0.025,1257,0,0,0.0,0.0,0.0,0.0,0.0,0.0
D1,USO-BTC-USD,0.05,1257,0,0,0.0,0.0,0.0,0.0,0.0,0.0
D1,USO-BTC-USD,0.1,1257,0,0,0.0,0.0,0.0,0.0,0.0,0.0
D2,SPY-IEF,0.025,1257,0,0,0.0,0.0,0.0,0.0,0.0,0.0
D2,SPY-IEF,0.05,1257,0,0,0.0,0.0,0.0,0.0,0.0,0.0
D2,SPY-IEF,0.1,1257,0,0,0.0,0.0,0.0,0.0,0.0,0.0
D2,SPY-GLD,0.025,1257,0,0,0.0,0.0,0.0,0.0,0.0,0.0
D2,SPY-GLD,0.05,1257,0,0,0.0,0.0,0.0,0.0,0.0,0.0
D2,SPY-GLD,0.1,1257,0,0,0.0,0.0,0.0,0.0,0.0,0.0
D2,SPY-USO,0.025,1257,0,0,0.0,0.0,0.0,0.0,0.0,0.0
D2,SPY-USO,0.05,1257,0,0,0.0,0.0,0.0,0.0,0.0,0.0
D2,SPY-USO,0.1,1257,0,0,0.0,0.0,0.0,0.0,0.0,0.0
D2,SPY-BTC-USD,0.025,1257,0,0,0.0,0.0,0.0,0.0,0.0,0.0
D2,SPY-BTC-USD,0.05,1257,0,0,0.0,0.0,0.0,0.0,0.0,0.0
D2,SPY-BTC-USD,0.1,1257,0,0,0.0,0.0,0.0,0.0,0.0,0.0
D2,IEF-GLD,0.025,1257,0,0,0.0,0.0,0.0,0.0,0.0,0.0
D2,IEF-GLD,0.05,1257,0,0,0.0,0.0,0.0,0.0,0.0,0.0
D2,IEF-GLD,0.1,1257,0,0,0.0,0.0,0.0,0.0,0.0,0.0
D2,IEF-USO,0.025,1257,0,0,0.0,0.0,0.0,0.0,0.0,0.0
D2,IEF-USO,0.05,1257,0,0,0.0,0.0,0.0,0.0,0.0,0.0
D2,IEF-USO,0.1,1257,0,0,0.0,0.0,0.0,0.0,0.0,0.0
D2,IEF-BTC-USD,0.025,1257,0,0,0.0,0.0,0.0,0.0,0.0,0.0
D2,IEF-BTC-USD,0.05,1257,0,0,0.0,0.0,0.0,0.0,0.0,0.0
D2,IEF-BTC-USD,0.1,1257,0,0,0.0,0.0,0.0,0.0,0.0,0.0
D2,GLD-USO,0.025,1257,0,0,0.0,0.0,0.0,0.0,0.0,0.0
D2,GLD-USO,0.05,1257,0,0,0.0,0.0,0.0,0.0,0.0,0.0
D2,GLD-USO,0.1,1257,0,0,0.0,0.0,0.0,0.0,0.0,0.0
D2,GLD-BTC-USD,0.025,1257,0,0,0.0,0.0,0.0,0.0,0.0,0.0
D2,GLD-BTC-USD,0.05,1257,0,0,0.0,0.0,0.0,0.0,0.0,0.0
D2,GLD-BTC-USD,0.1,1257,0,0,0.0,0.0,0.0,0.0,0.0,0.0
D2,USO-BTC-USD,0.025,1257,0,0,0.0,0.0,0.0,0.0,0.0,0.0
D2,USO-BTC-USD,0.05,1257,0,0,0.0,0.0,0.0,0.0,0.0,0.0
D2,USO-BTC-USD,0.1,1257,0,0,0.0,0.0,0.0,0.0,0.0,0.0
D3,SPY-IEF,0.025,1257,0,0,0.0,0.0,0.0,0.0,0.0,0.0
D3,SPY-IEF,0.05,1257,0,0,0.0,0.0,0.0,0.0,0.0,0.0
D3,SPY-IEF,0.1,1257,0,0,0.0,0.0,0.0,0.0,0.0,0.0
D3,SPY-GLD,0.025,1257,0,0,0.0,0.0,0.0,0.0,0.0,0.0
D3,SPY-GLD,0.05,1257,0,0,0.0,0.0,0.0,0.0,0.0,0.0
D3,SPY-GLD,0.1,1257,0,0,0.0,0.0,0.0,0.0,0.0,0.0
D3,SPY-USO,0.025,1257,0,0,0.0,0.0,0.0,0.0,0.0,0.0
D3,SPY-USO,0.05,1257,0,0,0.0,0.0,0.0,0.0,0.0,0.0
D3,SPY-USO,0.1,1257,0,0,0.0,0.0,0.0,0.0,0.0,0.0
D3,SPY-BTC-USD,0.025,1257,0,0,0.0,0.0,0.0,0.0,0.0,0.0
D3,SPY-BTC-USD,0.05,1257,0,0,0.0,0.0,0.0,0.0,0.0,0.0
D3,SPY-BTC-USD,0.1,1257,0,0,0.0,0.0,0.0,0.0,0.0,0.0
D3,IEF-GLD,0.025,1257,0,0,0.0,0.0,0.0,0.0,0.0,0.0
D3,IEF-GLD,0.05,1257,0,0,0.0,0.0,0.0,0.0,0.0,0.0
D3,IEF-GLD,0.1,1257,0,0,0.0,0.0,0.0,0.0,0.0,0.0
D3,IEF-USO,0.025,1257,0,0,0.0,0.0,0.0,0.0,0.0,0.0
D3,IEF-USO,0.05,1257,0,0,0.0,0.0,0.0,0.0,0.0,0.0
D3,IEF-USO,0.1,1257,0,0,0.0,0.0,0.0,0.0,0.0,0.0
D3,IEF-BTC-USD,0.025,1257,0,0,0.0,0.0,0.0,0.0,0.0,0.0
D3,IEF-BTC-USD,0.05,1257,0,0,0.0,0.0,0.0,0.0,0.0,0.0
D3,IEF-BTC-USD,0.1,1257,0,0,0.0,0.0,0.0,0.0,0.0,0.0
D3,GLD-USO,0.025,1257,0,0,0.0,0.0,0.0,0.0,0.0,0.0
D3,GLD-USO,0.05,1257,0,0,0.0,0.0,0.0,0.0,0.0,0.0
D3,GLD-USO,0.1,1257,0,0,0.0,0.0,0.0,0.0,0.0,0.0
D3,GLD-BTC-USD,0.025,1257,0,0,0.0,0.0,0.0,0.0,0.0,0.0
D3,GLD-BTC-USD,0.05,1257,0,0,0.0,0.0,0.0,0.0,0.0,0.0
D3,GLD-BTC-USD,0.1,1257,0,0,0.0,0.0,0.0,0.0,0.0,0.0
D3,USO-BTC-USD,0.025,1257,0,0,0.0,0.0,0.0,0.0,0.0,0.0
D3,USO-BTC-USD,0.05,1257,0,0,0.0,0.0,0.0,0.0,0.0,0.0
D3,USO-BTC-USD,0.1,1257,0,0,0.0,0.0,0.0,0.0,0.0,0.0
D4,SPY-IEF,0.025,1257,0,0,0.0,0.0,0.0,0.0,0.0,0.0
D4,SPY-IEF,0.05,1257,0,0,0.0,0.0,0.0,0.0,0.0,0.0
D4,SPY-IEF,0.1,1257,0,0,0.0,0.0,0.0,0.0,0.0,0.0
D4,SPY-GLD,0.025,1257,0,0,0.0,0.0,0.0,0.0,0.0,0.0
D4,SPY-GLD,0.05,1257,0,0,0.0,0.0,0.0,0.0,0.0,0.0
D4,SPY-GLD,0.1,1257,0,0,0.0,0.0,0.0,0.0,0.0,0.0
D4,SPY-USO,0.025,1257,0,0,0.0,0.0,0.0,0.0,0.0,0.0
D4,SPY-USO,0.05,1257,0,0,0.0,0.0,0.0,0.0,0.0,0.0
D4,SPY-USO,0.1,1257,0,0,0.0,0.0,0.0,0.0,0.0,0.0
D4,SPY-BTC-USD,0.025,1257,0,0,0.0,0.0,0.0,0.0,0.0,0.0
D4,SPY-BTC-USD,0.05,1257,0,0,0.0,0.0,0.0,0.0,0.0,0.0
D4,SPY-BTC-USD,0.1,1257,0,0,0.0,0.0,0.0,0.0,0.0,0.0
D4,IEF-GLD,0.025,1257,0,0,0.0,0.0,0.0,0.0,0.0,0.0
D4,IEF-GLD,0.05,1257,0,0,0.0,0.0,0.0,0.0,0.0,0.0
D4,IEF-GLD,0.1,1257,0,0,0.0,0.0,0.0,0.0,0.0,0.0
D4,IEF-USO,0.025,1257,0,0,0.0,0.0,0.0,0.0,0.0,0.0
D4,IEF-USO,0.05,1257,0,0,0.0,0.0,0.0,0.0,0.0,0.0
D4,IEF-USO,0.1,1257,0,0,0.0,0.0,0.0,0.0,0.0,0.0
D4,IEF-BTC-USD,0.025,1257,0,0,0.0,0.0,0.0,0.0,0.0,0.0
D4,IEF-BTC-USD,0.05,1257,0,0,0.0,0.0,0.0,0.0,0.0,0.0
D4,IEF-BTC-USD,0.1,1257,0,0,0.0,0.0,0.0,0.0,0.0,0.0
D4,GLD-USO,0.025,1257,0,0,0.0,0.0,0.0,0.0,0.0,0.0
D4,GLD-USO,0.05,1257,0,0,0.0,0.0,0.0,0.0,0.0,0.0
D4,GLD-USO,0.1,1257,0,0,0.0,0.0,0.0,0.0,0.0,0.0
D4,GLD-BTC-USD,0.025,1257,0,0,0.0,0.0,0.0,0.0,0.0,0.0
D4,GLD-BTC-USD,0.05,1257,0,0,0.0,0.0,0.0,0.0,0.0,0.0
D4,GLD-BTC-USD,0.1,1257,0,0,0.0,0.0,0.0,0.0,0.0,0.0
D4,USO-BTC-USD,0.025,1257,0,0,0.0,0.0,0.0,0.0,0.0,0.0
D4,USO-BTC-USD,0.05,1257,0,0,0.0,0.0,0.0,0.0,0.0,0.0
D4,USO-BTC-USD,0.1,1257,0,0,0.0,0.0,0.0,0.0,0.0,0.0
D5,SPY-IEF,0.025,1257,0,0,0.0,0.0,0.0,0.0,0.0,0.0
D5,SPY-IEF,0.05,1257,0,0,0.0,0.0,0.0,0.0,0.0,0.0
D5,SPY-IEF,0.1,1257,0,0,0.0,0.0,0.0,0.0,0.0,0.0
D5,SPY-GLD,0.025,1257,0,0,0.0,0.0,0.0,0.0,0.0,0.0
D5,SPY-GLD,0.05,1257,0,0,0.0,0.0,0.0,0.0,0.0,0.0
D5,SPY-GLD,0.1,1257,0,0,0.0,0.0,0.0,0.0,0.0,0.0
D5,SPY-USO,0.025,1257,0,0,0.0,0.0,0.0,0.0,0.0,0.0
D5,SPY-USO,0.05,1257,0,0,0.0,0.0,0.0,0.0,0.0,0.0
D5,SPY-USO,0.1,1257,0,0,0.0,0.0,0.0,0.0,0.0,0.0
D5,SPY-BTC-USD,0.025,1257,0,0,0.0,0.0,0.0,0.0,0.0,0.0
D5,SPY-BTC-USD,0.05,1257,0,0,0.0,0.0,0.0,0.0,0.0,0.0
D5,SPY-BTC-USD,0.1,1257,0,0,0.0,0.0,0.0,0.0,0.0,0.0
D5,IEF-GLD,0.025,1257,0,0,0.0,0.0,0.0,0.0,0.0,0.0
D5,IEF-GLD,0.05,1257,0,0,0.0,0.0,0.0,0.0,0.0,0.0
D5,IEF-GLD,0.1,1257,0,0,0.0,0.0,0.0,0.0,0.0,0.0
D5,IEF-USO,0.025,1257,0,0,0.0,0.0,0.0,0.0,0.0,0.0
D5,IEF-USO,0.05,1257,0,0,0.0,0.0,0.0,0.0,0.0,0.0
D5,IEF-USO,0.1,1257,0,0,0.0,0.0,0.0,0.0,0.0,0.0
D5,IEF-BTC-USD,0.025,1257,0,0,0.0,0.0,0.0,0.0,0.0,0.0
D5,IEF-BTC-USD,0.05,1257,0,0,0.0,0.0,0.0,0.0,0.0,0.0
D5,IEF-BTC-USD,0.1,1257,0,0,0.0,0.0,0.0,0.0,0.0,0.0
D5,GLD-USO,0.025,1257,0,0,0.0,0.0,0.0,0.0,0.0,0.0
D5,GLD-USO,0.05,1257,0,0,0.0,0.0,0.0,0.0,0.0,0.0
D5,GLD-USO,0.1,1257,0,0,0.0,0.0,0.0,0.0,0.0,0.0
D5,GLD-BTC-USD,0.025,1257,0,0,0.0,0.0,0.0,0.0,0.0,0.0
D5,GLD-BTC-USD,0.05,1257,0,0,0.0,0.0,0.0,0.0,0.0,0.0
D5,GLD-BTC-USD,0.1,1257,0,0,0.0,0.0,0.0,0.0,0.0,0.0
D5,USO-BTC-USD,0.025,1257,0,0,0.0,0.0,0.0,0.0,0.0,0.0
D5,USO-BTC-USD,0.05,1257,0,0,0.0,0.0,0.0,0.0,0.0,0.0
D5,USO-BTC-USD,0.1,1257,0,0,0.0,0.0,0.0,0.0,0.0,0.0
S5,SPY-IEF,0.025,1257,0,0,0.0,0.0,0.0,0.0,0.0,0.0
S5,SPY-IEF,0.05,1257,0,0,0.0,0.0,0.0,0.0,0.0,0.0
S5,SPY-IEF,0.1,1257,0,0,0.0,0.0,0.0,0.0,0.0,0.0
S5,SPY-GLD,0.025,1257,0,0,0.0,0.0,0.0,0.0,0.0,0.0
S5,SPY-GLD,0.05,1257,0,0,0.0,0.0,0.0,0.0,0.0,0.0
S5,SPY-GLD,0.1,1257,0,0,0.0,0.0,0.0,0.0,0.0,0.0
S5,SPY-USO,0.025,1257,0,0,0.0,0.0,0.0,0.0,0.0,0.0
S5,SPY-USO,0.05,1257,0,0,0.0,0.0,0.0,0.0,0.0,0.0
S5,SPY-USO,0.1,1257,0,0,0.0,0.0,0.0,0.0,0.0,0.0
S5,SPY-BTC-USD,0.025,1257,0,0,0.0,0.0,0.0,0.0,0.0,0.0
S5,SPY-BTC-USD,0.05,1257,0,0,0.0,0.0,0.0,0.0,0.0,0.0
S5,SPY-BTC-USD,0.1,1257,0,0,0.0,0.0,0.0,0.0,0.0,0.0
S5,IEF-GLD,0.025,1257,0,0,0.0,0.0,0.0,0.0,0.0,0.0
S5,IEF-GLD,0.05,1257,0,0,0.0,0.0,0.0,0.0,0.0,0.0
S5,IEF-GLD,0.1,1257,0,0,0.0,0.0,0.0,0.0,0.0,0.0
S5,IEF-USO,0.025,1257,0,0,0.0,0.0,0.0,0.0,0.0,0.0
S5,IEF-USO,0.05,1257,0,0,0.0,0.0,0.0,0.0,0.0,0.0
S5,IEF-USO,0.1,1257,0,0,0.0,0.0,0.0,0.0,0.0,0.0
S5,IEF-BTC-USD,0.025,1257,0,0,0.0,0.0,0.0,0.0,0.0,0.0
S5,IEF-BTC-USD,0.05,1257,0,0,0.0,0.0,0.0,0.0,0.0,0.0
S5,IEF-BTC-USD,0.1,1257,0,0,0.0,0.0,0.0,0.0,0.0,0.0
S5,GLD-USO,0.025,1257,0,0,0.0,0.0,0.0,0.0,0.0,0.0
S5,GLD-USO,0.05,1257,0,0,0.0,0.0,0.0,0.0,0.0,0.0
S5,GLD-USO,0.1,1257,0,0,0.0,0.0,0.0,0.0,0.0,0.0
S5,GLD-BTC-USD,0.025,1257,0,0,0.0,0.0,0.0,0.0,0.0,0.0
S5,GLD-BTC-USD,0.05,1257,0,0,0.0,0.0,0.0,0.0,0.0,0.0
S5,GLD-BTC-USD,0.1,1257,0,0,0.0,0.0,0.0,0.0,0.0,0.0
S5,USO-BTC-USD,0.025,1257,0,0,0.0,0.0,0.0,0.0,0.0,0.0
S5,USO-BTC-USD,0.05,1257,0,0,0.0,0.0,0.0,0.0,0.0,0.0
S5,USO-BTC-USD,0.1,1257,0,0,0.0,0.0,0.0,0.0,0.0,0.0
