date,D1_L,D1_U,D2_L,D2_U,D3_L,D3_U,D4_L,D4_U,D5_L,D5_U,S5_L,S5_U
2018-12-24,0.064,0.06200000000000001,0.06440000000000001,0.0612,0.0688,0.07160000000000001,0.07160000000000001,0.0712,0.04279999999999999,0.0412,0.1452,0.15119999999999995
2019-01-25,0.06399999999999999,0.055200000000000006,0.0624,0.06639999999999999,0.06599999999999999,0.0596,0.0576,0.0712,0.04279999999999999,0.046,0.059199999999999996,0.06039999999999999
2019-02-26,0.0536,0.0568,0.06000000000000001,0.0608,0.0588,0.05840000000000001,0.0636,0.0524,0.358,0.35,0.0608,0.0688
2019-03-27,0.06400000000000002,0.06160000000000001,0.059199999999999996,0.0536,0.0632,0.06599999999999999,0.06760000000000001,0.06599999999999999,0.0412,0.056799999999999996,0.0688,0.07279999999999999
2019-04-26,0.057600000000000005,0.0624,0.06119999999999999,0.062,0.06480000000000001,0.05960000000000001,0.061999999999999986,0.0656,0.14679999999999999,0.144,0.06840000000000002,0.07359999999999998
2019-05-28,0.0716,0.056400000000000006,0.07239999999999999,0.0664,0.07079999999999999,0.06119999999999999,0.0704,0.07160000000000001,0.0484,0.0384,0.1544,0.1588
2019-06-26,0.056400000000000006,0.06120000000000001,0.06439999999999999,0.0588,0.0632,0.05840000000000001,0.06599999999999999,0.06799999999999999,0.14559999999999998,0.1416,0.15439999999999998,0.1532
2019-07-26,0.06240000000000001,0.056400000000000006,0.06239999999999999,0.06799999999999999,0.07039999999999999,0.064,0.06439999999999999,0.07200000000000001,0.048,0.053599999999999995,0.04639999999999999,0.048
2019-08-26,0.06040000000000001,0.06360000000000002,0.056400000000000006,0.054000000000000006,0.06559999999999999,0.056799999999999996,0.07719999999999999,0.07399999999999998,0.04959999999999999,0.057199999999999994,0.046,0.038799999999999994
2019-09-25,0.058399999999999994,0.06040000000000001,0.06080000000000001,0.0608,0.057999999999999996,0.06000000000000001,0.056799999999999996,0.06040000000000001,0.0468,0.05519999999999999,0.08439999999999999,0.0836
2019-10-24,0.06799999999999999,0.068,0.0628,0.0608,0.0676,0.05800000000000001,0.0708,0.07160000000000001,0.05239999999999999,0.0548,0.0536,0.0516
2019-11-22,0.07160000000000001,0.06760000000000001,0.06080000000000001,0.0576,0.062,0.0708,0.06960000000000001,0.0716,0.060799999999999986,0.06399999999999999,0.07279999999999999,0.06439999999999999
